%HF,formation_energy,band_gap,a,b,c,alpha,beta,gamma
0,-13.47083913348797,4.1276,3.13225852,3.13225852,5.016374,90.0,90.0,119.99999999999999
5,-13.438136899546635,4.5718,3.12688893,3.12688893,5.00601756,90.0,90.0,119.99999999999999
10,-13.473779377487745,5.0241,3.12172899,3.1217289900000003,4.99610517,90.0,90.0,119.99999999999999
15,-13.3809831403305,5.4841,3.11669818,3.1166981799999998,4.98649877,90.0,90.0,119.99999999999999
20,-13.355988601584158,5.9492,3.11179968,3.1117996799999994,4.9771651,90.0,90.0,119.99999999999999
25,-13.33423838055387,6.4207,3.10709609,3.10709609,4.96796932,90.0,90.0,119.99999999999999
