%HF,formation_energy,band_gap,a,b,c,alpha,beta,gamma
0,-9.995464878291386,1.9215,3.23472882,3.23472882,5.25712788,90.0,90.0,119.99999999999999
5,-9.950644763845276,2.3128,3.22733233,3.2273323300000003,5.24265162,90.0,90.0,119.99999999999999
10,-9.97631941017994,2.718,3.22051317,3.22051317,5.22807992,90.0,90.0,119.99999999999999
15,-9.875291944193123,3.1397,3.21315445,3.2131544499999998,5.21381217,90.0,90.0,119.99999999999999
20,-9.843558534767453,3.5676,3.20684545,3.20684545,5.20151155,90.0,90.0,119.99999999999999
25,-9.818039103945921,4.0042,3.20079993,3.20079993,5.1896263,90.0,90.0,119.99999999999999
