%HF,formation_energy,band_gap,a,b,c,alpha,beta,gamma
0,-27.16499756192252,4.9864,3.10986329,3.10986329,4.97727189,90.0,90.0,119.99999999999999
5,-27.075981464853612,5.3745,3.10690441,3.10690441,4.97125186,90.0,90.0,119.99999999999999
10,-26.993332749172623,5.767,3.10397562,3.10397562,4.96535184,90.0,90.0,119.99999999999999
15,-26.90123910739385,6.1643,3.1011407,3.1011407,4.95962784,90.0,90.0,119.99999999999999
20,-26.817056603369565,6.5631,3.09832952,3.09832952,4.95399113,90.0,90.0,119.99999999999999
25,-26.73477593550797,6.9682,3.09555403,3.09555403,4.94844103,90.0,90.0,119.99999999999999
