%HF,formation_energy,band_gap,a,b,c,alpha,beta,gamma
0,-13.58249878096126,4.9864,3.10986329,3.10986329,4.97727189,90.0,90.0,119.99999999999999
5,-13.537990732426806,5.3745,3.10690441,3.10690441,4.97125186,90.0,90.0,119.99999999999999
10,-13.496666374586312,5.767,3.10397562,3.10397562,4.96535184,90.0,90.0,119.99999999999999
15,-13.450619553696924,6.1643,3.1011407,3.1011407,4.95962784,90.0,90.0,119.99999999999999
20,-13.408528301684782,6.5631,3.09832952,3.09832952,4.95399113,90.0,90.0,119.99999999999999
25,-13.367387967753984,6.9682,3.09555403,3.09555403,4.94844103,90.0,90.0,119.99999999999999
