%HF,formation_energy,band_gap,a,b,c,alpha,beta,gamma
0,-20.05503288880618,2.5718,3.20166839,3.20166839,5.19797829,90.0,90.0,119.99999999999999
5,-19.945528308249777,2.9275,3.19802201,3.19802201,5.19021741,90.0,90.0,119.99999999999999
10,-19.847251369108562,3.2919,3.19449,3.19449,5.18267677,90.0,90.0,119.99999999999999
15,-19.742699212345542,3.6649,3.19107524,3.19107524,5.17538253,90.0,90.0,119.99999999999999
20,-19.647341240723108,4.0448,3.18776906,3.18776906,5.16833301,90.0,90.0,119.99999999999999
25,-19.55687205421509,4.4342,3.18446423,3.18446423,5.16151772,90.0,90.0,119.99999999999999
